Row.names	CTG_5000	Cetuximab_dVw3	ERBB2	NRAS	KRAS	BRAF	triple_wt	alterations
CRC0022	1.09284782350848	196	WT	MUT	WT	WT	MUT	KRAS/NRAS/BRAF
CRC0030	0.414808625765895	6.5	WT	WT	WT	WT	WT	WT
CRC0031	0.729845705226535	88.5	WT	WT	MUT	WT	MUT	KRAS/NRAS/BRAF
CRC0055	0.892442053400276	205	WT	WT	MUT	WT	MUT	KRAS/NRAS/BRAF
CRC0059	0.231446641799671	-64.5	WT	WT	WT	WT	WT	WT
CRC0065	0.321925203677649	-40.5	WT	WT	WT	WT	WT	WT
CRC0066	0.626122776942556	-13.5	WT	WT	WT	WT	WT	WT
CRC0069	0.38742045868502	-57	WT	WT	WT	WT	WT	WT
CRC0076	0.302227936743159	-52	WT	WT	WT	WT	WT	WT
CRC0078	0.256218309278968	-60.2	WT	WT	WT	WT	WT	WT
CRC0079	0.715083377348525	200.5	WT	WT	WT	MUT	MUT	KRAS/NRAS/BRAF
CRC0080	0.121110572263468	150	AMPL	WT	WT	WT	WT	ERBB2
CRC0095	0.416942706636061	5.5	WT	WT	WT	WT	WT	WT
CRC0096	0.175230017888911	-72	WT	WT	WT	WT	WT	WT
CRC0097	0.498460749102104	-32	WT	WT	WT	WT	WT	WT
CRC0099	0.454510630683026	-9	WT	WT	WT	WT	WT	WT
CRC0103	0.520817936075648	-35	WT	WT	WT	WT	WT	WT
CRC0124	0.29822707887056	100.5	AMPL	WT	WT	WT	WT	ERBB2
CRC0125	0.975471305135086	105	WT	WT	MUT	WT	MUT	KRAS/NRAS/BRAF
CRC0134	0.958280291876552	179.5	WT	WT	MUT	WT	MUT	KRAS/NRAS/BRAF
CRC0137	0.352227693046716	-34.5	WT	WT	WT	WT	WT	WT
CRC0148	0.971141152467982	344	WT	WT	MUT	WT	MUT	KRAS/NRAS/BRAF
CRC0150	1.03677094529615	144	WT	MUT	WT	MUT	MUT	KRAS/NRAS/BRAF
CRC0151	1.04575894332327	325.5	WT	WT	WT	WT	WT	WT
CRC0152	0.847456191653057	525	WT	MUT	WT	WT	MUT	KRAS/NRAS/BRAF
CRC0161	1.15869455197035	139	WT	WT	WT	WT	WT	WT
CRC0166	0.389352379809135	33.1842	WT	WT	WT	WT	WT	WT
CRC0171	0.252445734683147	-36	WT	WT	WT	WT	WT	WT
CRC0177	0.265615376696185	166.5	WT	WT	WT	WT	WT	WT
CRC0186	0.919057415112564	666	AMPL	WT	WT	WT	WT	ERBB2
CRC0188	0.450040864523148	-49	WT	WT	WT	WT	WT	WT
CRC0196	1.00013136500635	172	WT	WT	WT	WT	WT	WT
CRC0204	0.346021921613465	-30	WT	WT	WT	WT	WT	WT
CRC0231	0.874999725373108	462	WT	WT	MUT	WT	MUT	KRAS/NRAS/BRAF
CRC0254	0.206544485619984	-68	WT	WT	WT	WT	WT	WT
CRC0285	0.245991017316884	24.8775	WT	WT	WT	WT	WT	WT
CRC0291	0.728789774409213	194.364339953271	WT	WT	MUT	WT	MUT	KRAS/NRAS/BRAF
CRC0297	0.304827143315851	-58.67725	WT	WT	WT	WT	WT	WT
CRC0316	0.308159057049927	39	WT	WT	WT	WT	WT	WT
CRC0322	0.22922098477654	-59.631	WT	WT	WT	WT	WT	WT
CRC0327	0.105371641093635	-78.85	WT	WT	WT	WT	WT	WT
CRC0370	0.637512165230869	-32.4293298820131	WT	WT	WT	WT	WT	WT
CRC0399	0.405551195463539	-55.368713080608	WT	WT	WT	WT	WT	WT
CRC0404	0.451311798367679	-56.4753733848698	WT	WT	WT	WT	WT	WT
CRC0441	0.443939255642015	-34.0967075505075	WT	WT	WT	WT	WT	WT
CRC0475	0.272284150385553	-47.8038992517971	WT	WT	WT	WT	WT	WT
CRC0515	0.975909970107262	144.464586438183	WT	MUT	WT	WT	MUT	KRAS/NRAS/BRAF
CRC0534	0.210574716670462	-63	WT	WT	WT	WT	WT	WT
CRC0542	0.207340080059533	-74.9803603413158	WT	WT	WT	WT	WT	WT
CRC0578	0.455972204138516	-45	WT	WT	WT	WT	WT	WT
CRC0729	0.943074117859218	259	WT	WT	WT	WT	WT	WT
CRC0743	0.390123309703938	-89	WT	WT	WT	WT	WT	WT
CRC0772	0.240205696543694	-16	WT	WT	WT	WT	WT	WT
CRC1145	0.279385291721145	-20	WT	WT	WT	WT	WT	WT
CRC1169	0.391109878426478	194	WT	WT	WT	WT	WT	WT
CRC1272	0.119835687492544	-66	WT	WT	WT	WT	WT	WT
CRC1278	0.192018667541105	52	WT	WT	WT	WT	WT	WT
CRC1306	0.363130646442052	61.38	WT	WT	WT	WT	WT	WT
CRC1314	0.227436961134795	42.35	WT	WT	MUT	WT	MUT	KRAS/NRAS/BRAF
CRC1321	0.528925725174542	-8	WT	WT	WT	WT	WT	WT
CRC1331	0.174085590528729	-79	WT	WT	WT	WT	WT	WT
CRC1360	0.582155082421894	125.17	WT	WT	MUT	WT	MUT	KRAS/NRAS/BRAF
CRC1367	0.228837828086949	27	WT	WT	WT	WT	WT	WT
CRC1376	1.00018835865057	175	WT	MUT	WT	WT	MUT	KRAS/NRAS/BRAF
CRC1389	0.286619064987789	2.5	WT	WT	WT	WT	WT	WT
CRC1399	0.376154204455161	161	WT	WT	WT	WT	WT	WT
CRC1430	0.154454314287988	448.8	AMPL	WT	WT	WT	WT	ERBB2
CRC1432	0.626902059688945	492	AMPL	WT	WT	WT	WT	ERBB2
CRC1445	0.839657589431325	97.57	WT	WT	WT	MUT	MUT	KRAS/NRAS/BRAF
CRC1449	0.429109328439134	370.63	WT	MUT	WT	MUT	MUT	KRAS/NRAS/BRAF
CRC1472	0.577470928648495	12.13	WT	WT	WT	WT	WT	WT
CRC1502	0.896568702628966	139.3	WT	WT	MUT	WT	MUT	KRAS/NRAS/BRAF
CRC1561	0.726740294511379	-21.24	WT	WT	WT	WT	WT	WT
CRC1575	0.456817778959497	133.73	WT	WT	WT	WT	WT	WT
CRC1579	0.249782874563534	-24.67	WT	WT	WT	WT	WT	WT
CRC1599	0.130051745846513	33.62	WT	WT	WT	WT	WT	WT
CRC1723	0.707408506010142	11.21	WT	WT	WT	WT	WT	WT
CRC1895	0.316233256639378	-67.37	WT	WT	WT	WT	WT	WT
CRC1989	0.0847921832784337	-36.91	WT	WT	WT	WT	WT	WT
