NRAS	KRAS	BRAF	triple_wt	ERBB2	alterations	smodel
MUT	WT	WT	MUT	WT	KRAS/NRAS/BRAF	CRC0022
WT	WT	WT	WT	WT	WT	CRC0030
WT	MUT	WT	MUT	WT	KRAS/NRAS/BRAF	CRC0031
WT	MUT	WT	MUT	WT	KRAS/NRAS/BRAF	CRC0051
WT	MUT	WT	MUT	WT	KRAS/NRAS/BRAF	CRC0055
WT	WT	WT	WT	WT	WT	CRC0059
WT	MUT	WT	MUT	WT	KRAS/NRAS/BRAF	CRC0063
WT	WT	WT	WT	WT	WT	CRC0065
WT	WT	WT	WT	WT	WT	CRC0066
WT	WT	WT	WT	WT	WT	CRC0069
WT	WT	WT	WT	WT	WT	CRC0076
WT	WT	WT	WT	WT	WT	CRC0078
WT	WT	MUT	MUT	WT	KRAS/NRAS/BRAF	CRC0079
WT	WT	WT	WT	AMPL	ERBB2	CRC0080
WT	WT	WT	WT	WT	WT	CRC0081
WT	WT	WT	WT	WT	WT	CRC0095
WT	WT	WT	WT	WT	WT	CRC0096
WT	WT	WT	WT	WT	WT	CRC0097
WT	WT	WT	WT	WT	WT	CRC0099
WT	WT	WT	WT	WT	WT	CRC0103
WT	WT	WT	WT	WT	WT	CRC0116
WT	MUT	MUT	MUT	WT	KRAS/NRAS/BRAF	CRC0123
WT	WT	WT	WT	AMPL	ERBB2	CRC0124
WT	MUT	WT	MUT	WT	KRAS/NRAS/BRAF	CRC0125
WT	MUT	WT	MUT	WT	KRAS/NRAS/BRAF	CRC0134
WT	WT	WT	WT	WT	WT	CRC0137
WT	MUT	WT	MUT	WT	KRAS/NRAS/BRAF	CRC0148
MUT	WT	MUT	MUT	WT	KRAS/NRAS/BRAF	CRC0150
WT	WT	WT	WT	WT	WT	CRC0151
MUT	WT	WT	MUT	WT	KRAS/NRAS/BRAF	CRC0152
WT	WT	WT	WT	WT	WT	CRC0161
WT	WT	WT	WT	WT	WT	CRC0166
WT	MUT	WT	MUT	WT	KRAS/NRAS/BRAF	CRC0169
WT	WT	WT	WT	WT	WT	CRC0171
WT	WT	WT	WT	WT	WT	CRC0177
WT	WT	WT	WT	AMPL	ERBB2	CRC0186
WT	WT	WT	WT	WT	WT	CRC0188
WT	WT	WT	WT	WT	WT	CRC0196
WT	WT	WT	WT	WT	WT	CRC0202
WT	WT	WT	WT	WT	WT	CRC0204
WT	MUT	WT	MUT	WT	KRAS/NRAS/BRAF	CRC0231
WT	WT	WT	WT	WT	WT	CRC0254
WT	MUT	WT	MUT	WT	KRAS/NRAS/BRAF	CRC0277
WT	WT	WT	WT	WT	WT	CRC0285
WT	MUT	WT	MUT	WT	KRAS/NRAS/BRAF	CRC0291
WT	WT	WT	WT	WT	WT	CRC0297
WT	WT	WT	WT	WT	WT	CRC0316
WT	WT	WT	WT	WT	WT	CRC0322
WT	WT	WT	WT	WT	WT	CRC0327
WT	WT	WT	WT	WT	WT	CRC0355
WT	WT	WT	WT	WT	WT	CRC0370
WT	WT	WT	WT	WT	WT	CRC0399
WT	WT	WT	WT	WT	WT	CRC0404
WT	WT	WT	WT	WT	WT	CRC0441
WT	MUT	WT	MUT	WT	KRAS/NRAS/BRAF	CRC0464
WT	WT	WT	WT	WT	WT	CRC0475
MUT	WT	WT	MUT	WT	KRAS/NRAS/BRAF	CRC0515
WT	WT	WT	WT	WT	WT	CRC0534
WT	WT	WT	WT	WT	WT	CRC0542
WT	MUT	WT	MUT	WT	KRAS/NRAS/BRAF	CRC0544
WT	MUT	WT	MUT	WT	KRAS/NRAS/BRAF	CRC0568
WT	WT	WT	WT	WT	WT	CRC0572
WT	WT	WT	WT	WT	WT	CRC0578
WT	WT	WT	WT	WT	WT	CRC0729
WT	WT	WT	WT	WT	WT	CRC0743
WT	WT	WT	WT	WT	WT	CRC0772
WT	MUT	WT	MUT	WT	KRAS/NRAS/BRAF	CRC1078
WT	MUT	WT	MUT	WT	KRAS/NRAS/BRAF	CRC1090
WT	MUT	WT	MUT	WT	KRAS/NRAS/BRAF	CRC1139
WT	WT	WT	WT	WT	WT	CRC1145
WT	WT	WT	WT	WT	WT	CRC1169
WT	WT	WT	WT	WT	WT	CRC1239
WT	WT	WT	WT	WT	WT	CRC1241
WT	MUT	WT	MUT	WT	KRAS/NRAS/BRAF	CRC1245
WT	MUT	WT	MUT	WT	KRAS/NRAS/BRAF	CRC1251
WT	MUT	WT	MUT	WT	KRAS/NRAS/BRAF	CRC1257
WT	WT	WT	WT	WT	WT	CRC1272
WT	WT	WT	WT	WT	WT	CRC1278
WT	WT	WT	WT	WT	WT	CRC1306
WT	MUT	WT	MUT	WT	KRAS/NRAS/BRAF	CRC1307
WT	MUT	WT	MUT	WT	KRAS/NRAS/BRAF	CRC1314
WT	WT	WT	WT	WT	WT	CRC1321
WT	WT	WT	WT	WT	WT	CRC1329
WT	WT	WT	WT	WT	WT	CRC1331
WT	MUT	WT	MUT	WT	KRAS/NRAS/BRAF	CRC1359
WT	MUT	WT	MUT	WT	KRAS/NRAS/BRAF	CRC1360
WT	WT	WT	WT	WT	WT	CRC1367
MUT	WT	WT	MUT	WT	KRAS/NRAS/BRAF	CRC1376
WT	WT	WT	WT	WT	WT	CRC1389
WT	MUT	WT	MUT	WT	KRAS/NRAS/BRAF	CRC1390
WT	WT	WT	WT	WT	WT	CRC1399
WT	WT	WT	WT	AMPL	ERBB2	CRC1430
WT	WT	WT	WT	AMPL	ERBB2	CRC1432
WT	WT	MUT	MUT	WT	KRAS/NRAS/BRAF	CRC1445
MUT	WT	WT	MUT	WT	KRAS/NRAS/BRAF	CRC1446
WT	MUT	WT	MUT	WT	KRAS/NRAS/BRAF	CRC1448
MUT	WT	MUT	MUT	WT	KRAS/NRAS/BRAF	CRC1449
WT	MUT	WT	MUT	WT	KRAS/NRAS/BRAF	CRC1451
MUT	WT	WT	MUT	WT	KRAS/NRAS/BRAF	CRC1460
WT	WT	WT	WT	WT	WT	CRC1472
WT	MUT	WT	MUT	WT	KRAS/NRAS/BRAF	CRC1477
WT	MUT	WT	MUT	WT	KRAS/NRAS/BRAF	CRC1502
WT	MUT	WT	MUT	WT	KRAS/NRAS/BRAF	CRC1523
WT	WT	WT	WT	WT	WT	CRC1530
WT	WT	WT	WT	WT	WT	CRC1561
WT	MUT	WT	MUT	WT	KRAS/NRAS/BRAF	CRC1568
WT	WT	WT	WT	WT	WT	CRC1575
WT	WT	WT	WT	WT	WT	CRC1579
WT	MUT	WT	MUT	WT	KRAS/NRAS/BRAF	CRC1588
WT	MUT	WT	MUT	WT	KRAS/NRAS/BRAF	CRC1589
WT	MUT	WT	MUT	WT	KRAS/NRAS/BRAF	CRC1598
WT	WT	WT	WT	WT	WT	CRC1599
WT	MUT	WT	MUT	WT	KRAS/NRAS/BRAF	CRC1605
WT	WT	WT	WT	WT	WT	CRC1606
WT	WT	MUT	MUT	WT	KRAS/NRAS/BRAF	CRC1614
WT	MUT	WT	MUT	WT	KRAS/NRAS/BRAF	CRC1620
WT	WT	WT	WT	WT	WT	CRC1628
WT	WT	WT	WT	AMPL	ERBB2	CRC1629
WT	WT	WT	WT	WT	WT	CRC1675
WT	WT	WT	WT	WT	WT	CRC1723
WT	MUT	WT	MUT	WT	KRAS/NRAS/BRAF	CRC1729
WT	MUT	WT	MUT	WT	KRAS/NRAS/BRAF	CRC1744
WT	WT	WT	WT	WT	WT	CRC1745
WT	WT	MUT	MUT	WT	KRAS/NRAS/BRAF	CRC1757
WT	WT	WT	WT	WT	WT	CRC1772
WT	WT	WT	WT	WT	WT	CRC1774
WT	WT	WT	WT	WT	WT	CRC1870
MUT	WT	MUT	MUT	WT	KRAS/NRAS/BRAF	CRC1883
WT	MUT	WT	MUT	WT	KRAS/NRAS/BRAF	CRC1888
WT	WT	WT	WT	WT	WT	CRC1895
WT	WT	WT	WT	WT	WT	CRC1897
WT	WT	WT	WT	WT	WT	CRC1900
WT	WT	WT	WT	WT	WT	CRC1903
WT	WT	WT	WT	WT	WT	CRC1916
WT	WT	WT	WT	WT	WT	CRC1917
MUT	WT	WT	MUT	WT	KRAS/NRAS/BRAF	CRC1949
WT	MUT	WT	MUT	WT	KRAS/NRAS/BRAF	CRC1961
WT	MUT	WT	MUT	WT	KRAS/NRAS/BRAF	CRC1979
WT	WT	WT	WT	WT	WT	CRC1989
WT	WT	MUT	MUT	WT	KRAS/NRAS/BRAF	CRC2026
WT	WT	WT	WT	WT	WT	CRC2041
WT	MUT	WT	MUT	WT	KRAS/NRAS/BRAF	CRC2044
WT	WT	WT	WT	WT	WT	CRC2113
